state,county,year,age_25-29,age_35-39,age_40-44,age_45-49,age_50-54,age_55-59,age_60-64,age_65-69,age_70-74,age_75-79,age_80-84,age_85-89,age_90-94,age_95-99,over_100
Alabama,Calhoun,2017,,,,,,,,,,,10,,,,
Alabama,Jefferson,2017,,,,,,14,,10,20,25,30,22,23,,
Alabama,Jefferson,2018,,,,,,14,14,16,16,27,29,21,18,10,
Alabama,Jefferson,2019,,,,,,12,10,20,13,18,17,17,19,,
Alabama,Jefferson,2020,,,,,,,16,14,16,16,11,22,20,,
Alabama,Madison,2017,,,,,,,,,,,,13,15,,
Alabama,Madison,2020,,,,,,,,,,,,12,,,
Alabama,Mobile,2017,,,,,,,,,14,,19,10,11,,
Alabama,Mobile,2018,,,,,,,,11,11,11,15,19,12,,
Alabama,Mobile,2019,,,,,,,10,,,10,,,,,
Alabama,Mobile,2020,,,,,,,,,13,,,,,,
Alabama,Montgomery,2020,,,,,,,,,,10,,,,,
Alabama,Morgan,2018,,,,,,,,,,,,11,,,
Alabama,Morgan,2020,,,,,,,,,,,10,,,,
Alabama,Tuscaloosa,2020,,,,,,,,,10,,,,,,
Arizona,Maricopa,2017,,,,,,23,18,27,49,52,51,57,67,29,
Arizona,Maricopa,2018,,,,14,17,33,38,54,54,69,74,104,69,41,
Arizona,Maricopa,2019,,,,,15,37,36,37,66,52,75,67,65,30,
Arizona,Maricopa,2020,,,10,16,21,33,53,51,73,68,77,76,65,27,
Arizona,Mohave,2017,,,,,,,,,11,,,,,,
Arizona,Mohave,2018,,,,,,,,11,,11,15,10,,,
Arizona,Mohave,2019,,,,,,,,,10,11,,,,,
Arizona,Mohave,2020,,,,,,,,,,13,10,,,,
Arizona,Pima,2017,,,,,,,,13,16,17,20,23,23,10,
Arizona,Pima,2018,,,,,,11,14,13,19,25,25,28,21,13,
Arizona,Pima,2019,,,,,,,11,16,15,20,22,19,23,,
Arizona,Pima,2020,,,,,,10,15,17,27,27,26,31,26,,
Arizona,Pinal,2017,,,,,,,,,,13,,,,,
Arizona,Pinal,2018,,,,,,,,,,11,,,,,
Arizona,Pinal,2020,,,,,,,,,10,,14,,,,
Arizona,Yavapai,2017,,,,,,,,,,,,15,10,,
Arizona,Yavapai,2018,,,,,,,,,,,,,14,,
Arizona,Yuma,2017,,,,,,,,,,12,,,,,
Arkansas,Pulaski,2017,,,,,,,,,10,10,13,12,11,,
Arkansas,Pulaski,2018,,,,,,,,,,,,12,11,,
Arkansas,Pulaski,2019,,,,,,,,,,,12,,,,
Arkansas,Pulaski,2020,,,,,,,,,,,,10,,,
California,Alameda,2017,,,,,,,,15,13,21,31,48,38,25,
California,Alameda,2018,,,,,10,,14,15,24,30,38,36,45,14,
California,Alameda,2019,,,,,,,,17,13,26,31,44,34,20,
California,Alameda,2020,,,,,,13,,21,15,20,23,22,24,14,10
California,Butte,2018,,,,,,,,,,,,,11,10,
California,Butte,2019,,,,,,,,,,,,,12,,
California,Contra Costa,2017,,,,,,,14,,14,12,29,32,23,10,
California,Contra Costa,2018,,,,,,,,11,11,22,38,28,33,14,
California,Contra Costa,2019,,,,,,,,11,15,12,22,23,17,11,
California,Contra Costa,2020,,,,,,,,,13,11,16,20,11,,
California,Fresno,2017,,,,,,,15,12,14,17,18,22,27,11,
California,Fresno,2018,,,,,,17,10,18,19,22,23,28,22,14,
California,Fresno,2019,,,,,,12,,11,15,10,12,19,13,,
California,Fresno,2020,,,,,,,10,10,15,13,17,27,13,,
California,Imperial,2017,,,,,,,,,,,10,,,,
California,Imperial,2019,,,,,,,,,,,,,10,,
California,Kern,2017,,,,,,,,14,,14,,12,13,,
California,Kern,2018,,,,,,,12,15,16,11,10,13,12,,
California,Kern,2019,,,,,,,12,17,12,15,14,13,,,
California,Kern,2020,,,,,,,12,20,14,19,13,,10,,
California,Los Angeles,2017,,,,13,17,26,122,112,166,212,322,384,333,181,43
California,Los Angeles,2018,,11,21,15,32,40,114,171,205,250,307,387,357,194,58
California,Los Angeles,2019,,,12,12,19,30,109,145,172,199,254,306,302,175,52
California,Los Angeles,2020,10,11,12,22,29,34,149,177,231,239,330,347,323,181,36
California,Marin,2017,,,,,,,,,,,,14,10,,
California,Marin,2018,,,,,,,,,,,,,12,,
California,Marin,2019,,,,,,,,,,,,,10,,
California,Merced,2017,,,,,,,,10,,,,,,,
California,Merced,2018,,,,,,,,,,,,,10,,
California,Monterey,2017,,,,,,,,,,,,10,12,,
California,Monterey,2018,,,,,,,,,,,10,,13,,
California,Orange,2017,,,,,,,17,22,31,59,88,109,114,62,10
California,Orange,2018,,,,,,13,23,29,54,62,99,104,102,41,14
California,Orange,2019,,,,,13,14,20,31,41,57,72,111,86,44,16
California,Orange,2020,,,,,,15,24,23,64,69,72,99,67,42,
California,Placer,2017,,,,,,,,,,,26,18,17,,
California,Placer,2018,,,,,,,,,,,15,10,20,,
California,Placer,2019,,,,,,,,,,,,12,11,,
California,Riverside,2017,,,,,10,13,16,22,34,43,52,55,41,18,
California,Riverside,2018,,,,,,22,33,28,41,39,65,66,49,15,
California,Riverside,2019,,,,10,14,14,18,27,36,61,44,42,39,11,
California,Riverside,2020,,,,,15,27,37,36,40,38,48,53,35,14,
California,Sacramento,2017,,,,,,13,17,23,22,27,37,28,48,12,
California,Sacramento,2018,,,,,,18,21,31,27,21,36,43,40,16,
California,Sacramento,2019,,,,,,,19,16,20,27,29,37,26,17,
California,Sacramento,2020,,,,,,,19,24,16,17,41,39,36,19,
California,San Bernardino,2017,,,,,,,22,27,32,32,44,34,25,13,
California,San Bernardino,2018,,,,,14,15,27,31,31,34,34,48,40,13,
California,San Bernardino,2019,,,,13,12,17,29,38,34,26,41,26,15,13,
California,San Bernardino,2020,,,,,17,18,28,40,55,46,47,48,24,,
California,San Diego,2017,,,,,,10,13,11,25,34,57,75,92,46,11
California,San Diego,2018,,,,,,15,20,30,33,42,56,85,89,46,
California,San Diego,2019,,,,,,10,21,12,28,34,43,44,43,26,
California,San Diego,2020,,,,,,11,23,18,26,31,38,55,51,18,
California,San Francisco,2017,,,,,,,,,,11,13,24,32,19,
California,San Francisco,2018,,,,,,,,,,13,24,31,18,15,
California,San Francisco,2019,,,,,,,,11,,11,10,14,18,14,
California,San Francisco,2020,,,,,,,,,,,13,11,15,,
California,San Joaquin,2017,,,,,,,12,14,18,13,23,11,33,,
California,San Joaquin,2018,,,,,,,,,14,15,20,20,30,,
California,San Joaquin,2019,,,,,,13,12,12,12,15,,16,,,
California,San Joaquin,2020,,,,,,11,17,14,18,15,21,29,18,,
California,San Luis Obispo,2017,,,,,,,,,,,,,10,,
California,San Luis Obispo,2018,,,,,,,,,,,,,12,,
California,San Luis Obispo,2020,,,,,,,,,,,,11,,,
California,San Mateo,2017,,,,,,,,,,,17,24,32,17,
California,San Mateo,2018,,,,,,,,,,10,12,24,24,15,
California,San Mateo,2019,,,,,,,,,12,10,13,17,11,,
California,San Mateo,2020,,,,,,,,,,,,12,,,
California,Santa Barbara,2017,,,,,,,,,,,,,15,,
California,Santa Barbara,2018,,,,,,,,,,,,18,11,,
California,Santa Barbara,2019,,,,,,,,,,,10,,17,,
California,Santa Barbara,2020,,,,,,,,,,,,,14,,
California,Santa Clara,2017,,,,,,,13,,15,20,28,48,51,26,
California,Santa Clara,2018,,,,,,,,11,17,23,32,46,47,18,
California,Santa Clara,2019,,,,,,,10,,13,19,19,34,32,21,
California,Santa Clara,2020,,,,,,10,12,17,17,25,27,31,34,12,
California,Santa Cruz,2018,,,,,,,,,,,,,,10,
California,Shasta,2018,,,,,,,,,,,10,13,,,
California,Shasta,2019,,,,,,,,,,,11,,12,,
California,Shasta,2020,,,,,,,,,,,,11,,,
California,Solano,2017,,,,,,,,12,,,,19,16,,
California,Solano,2018,,,,,,,,,11,12,,,25,,
California,Solano,2019,,,,,,,,,,10,10,17,13,,
California,Solano,2020,,,,,,,,,10,,,11,,,
California,Sonoma,2017,,,,,,,,,,,,16,,17,
California,Sonoma,2018,,,,,,,,,,,13,10,12,15,
California,Sonoma,2019,,,,,,,,,,,11,,14,,
California,Stanislaus,2017,,,,,,,,,,,15,15,,,
California,Stanislaus,2018,,,,,,,,,,14,,16,12,,
California,Stanislaus,2019,,,,,,,,,,,13,13,10,,
California,Stanislaus,2020,,,,,,,,,11,14,,13,12,,
California,Tulare,2017,,,,,,,,,14,11,,16,12,,
California,Tulare,2018,,,,,,,,,,11,,15,,,
California,Tulare,2019,,,,,,,,10,,,15,15,10,,
California,Tulare,2020,,,,,,,,15,,,12,10,16,,
California,Ventura,2017,,,,,,,,,12,13,11,10,14,,
California,Ventura,2018,,,,,,,11,,,13,17,14,11,,
California,Ventura,2019,,,,,,,,,,,12,14,12,,
California,Ventura,2020,,,,,,,,,,11,,12,12,,
California,Yolo,2017,,,,,,,,,,,,,11,,
Colorado,Arapahoe,2017,,,,,,,,,,,,,13,,
Colorado,Arapahoe,2020,,,,,,,,,,,10,,,,
Colorado,Boulder,2018,,,,,,,,,,,,,10,,
Colorado,Denver,2017,,,,,,,,,,,,19,11,,
Colorado,Denver,2018,,,,,,,,,,,,15,14,,
Colorado,Denver,2019,,,,,,,,,,,,,12,,
Colorado,El Paso,2017,,,,,,,,,,,,15,,,
Colorado,El Paso,2020,,,,,,,,,,,,13,,,
Colorado,Jefferson,2017,,,,,,,,,,,,,12,,
Connecticut,Fairfield,2017,,,,,,,,,,13,12,43,35,23,
Connecticut,Fairfield,2018,,,,,,,10,,,15,12,35,40,23,
Connecticut,Fairfield,2019,,,,,,,,,,13,11,17,34,15,
Connecticut,Fairfield,2020,,,,,,,,,14,13,22,19,24,14,
Connecticut,Hartford,2017,,,,,,,,,24,10,27,38,42,15,
Connecticut,Hartford,2018,,,,,,,,10,20,18,24,45,46,24,
Connecticut,Hartford,2019,,,,,,,,,15,16,16,21,34,20,
Connecticut,Hartford,2020,,,,,,,,11,13,,16,21,32,14,
Connecticut,Litchfield,2018,,,,,,,,,,,12,,,,
Connecticut,Litchfield,2019,,,,,,,,,,,,10,16,,
Connecticut,New Haven,2017,,,,,,,,,,,13,25,29,18,
Connecticut,New Haven,2018,,,,,,,,12,12,12,26,33,29,18,
Connecticut,New Haven,2019,,,,,,,,,,11,,18,23,19,
Connecticut,New Haven,2020,,,,,,,11,11,10,,16,22,13,,
Connecticut,New London,2017,,,,,,,,,,,10,15,12,,
Connecticut,New London,2018,,,,,,,,,,,12,15,17,,
Connecticut,New London,2019,,,,,,,,,,,10,,11,,
Connecticut,New London,2020,,,,,,,,,,,,,10,,
Connecticut,Tolland,2018,,,,,,,,,,,,10,,,
Delaware,New Castle,2017,,,,,,,10,,,14,22,17,18,,
Delaware,New Castle,2018,,,,,,,,,12,,13,19,18,,
Delaware,New Castle,2019,,,,,,,,,,10,,,11,,
Delaware,New Castle,2020,,,,,,,,,13,17,10,12,,,
Delaware,Sussex,2020,,,,,,,,,,,11,,,,
District of Columbia,District of Columbia,2017,,,,,,,,10,11,,11,11,12,,
District of Columbia,District of Columbia,2018,,,,,,,,11,,,,12,,,
District of Columbia,District of Columbia,2019,,,,,,,,11,,,,,12,,
District of Columbia,District of Columbia,2020,,,,,,,,,15,10,,,13,,
Florida,Brevard,2017,,,,,,,,10,,,16,21,19,14,
Florida,Brevard,2018,,,,,,,,,12,13,18,14,10,,
Florida,Brevard,2019,,,,,,,,,10,20,17,23,,,
Florida,Brevard,2020,,,,,,,,,13,18,13,27,14,,
Florida,Broward,2017,,,,,,,,10,19,16,13,27,28,,
Florida,Broward,2018,,,,,11,,13,11,14,18,27,26,14,10,
Florida,Broward,2019,,,,,,,15,11,17,23,23,28,23,,
Florida,Broward,2020,,,,,,,18,25,29,26,30,34,34,10,
Florida,Charlotte,2017,,,,,,,,,,,,11,,,
Florida,Charlotte,2018,,,,,,,,,,10,,17,11,,
Florida,Charlotte,2019,,,,,,,,,,11,10,,,,
Florida,Charlotte,2020,,,,,,,,,,14,,13,,,
Florida,Collier,2017,,,,,,,,,,,,,11,,
Florida,Collier,2018,,,,,,,,,,,,,10,,
Florida,Collier,2019,,,,,,,,,,,11,,,,
Florida,Collier,2020,,,,,,,,,,,,11,,,
Florida,Duval,2017,,,,,,,,11,11,21,18,19,26,13,
Florida,Duval,2018,,,,,,,14,,11,16,14,18,11,10,
Florida,Duval,2019,,,,,,,11,14,13,,15,17,19,,
Florida,Duval,2020,,,,,,,,15,17,,16,18,18,,
Florida,Escambia,2017,,,,,,,,,,,,,10,,
Florida,Escambia,2018,,,,,,,,,,13,,12,10,,
Florida,Escambia,2019,,,,,,,,,,,,,14,,
Florida,Escambia,2020,,,,,,,,10,13,10,11,10,,,
Florida,Hillsborough,2017,,,,,,,14,14,22,22,20,35,24,14,
Florida,Hillsborough,2018,,,,,,,13,10,18,27,27,28,27,,
Florida,Hillsborough,2019,,,,,,,,14,21,29,24,17,15,,
Florida,Hillsborough,2020,,,,,,,12,23,34,27,30,34,26,11,
Florida,Lake,2017,,,,,,,,,,,,,11,,
Florida,Lake,2018,,,,,,,,,,,,13,10,,
Florida,Lee,2017,,,,,,,,,,12,,14,14,,
Florida,Lee,2018,,,,,,,,12,,15,17,10,16,,
Florida,Lee,2019,,,,,,,,,,,10,11,,,
Florida,Lee,2020,,,,,,,,,10,13,14,14,12,,
Florida,Manatee,2017,,,,,,,,,,,10,14,,,
Florida,Manatee,2018,,,,,,,,,,,,15,,,
Florida,Manatee,2019,,,,,,,,,,,,14,14,,
Florida,Manatee,2020,,,,,,,,,,,,,13,,
Florida,Marion,2017,,,,,,,,,,,,11,,,
Florida,Marion,2018,,,,,,,,,,11,,10,,,
Florida,Martin,2018,,,,,,,,,,,,,11,,
Florida,Miami-Dade,2017,,,,,,10,17,30,26,41,44,75,47,19,
Florida,Miami-Dade,2018,,,,,,13,,13,25,42,40,55,51,26,
Florida,Miami-Dade,2019,,,,,,,14,19,25,16,38,68,29,17,
Florida,Miami-Dade,2020,,,,,11,14,26,38,37,42,52,50,44,19,
Florida,Okaloosa,2020,,,,,,,,,,,,12,,,
Florida,Orange,2017,,,,,,,,,15,,24,17,12,10,
Florida,Orange,2018,,,,,,,11,11,14,15,14,21,19,,
Florida,Orange,2019,,,,,,,10,,22,11,10,20,14,,
Florida,Orange,2020,,,,,,,11,12,12,11,17,17,12,,
Florida,Palm Beach,2017,,,,,,,,15,12,13,27,53,39,10,
Florida,Palm Beach,2018,,,,,,,,10,,16,26,35,42,22,
Florida,Palm Beach,2019,,,,,,,,10,,22,20,39,30,18,
Florida,Palm Beach,2020,,,,,,,16,11,20,34,22,31,37,20,
Florida,Pasco,2017,,,,,,,,,,,13,,,,
Florida,Pasco,2018,,,,,,,,,,11,17,13,,,
Florida,Pasco,2019,,,,,,,,,11,11,16,10,14,,
Florida,Pasco,2020,,,,,,,,,12,10,17,10,,,
Florida,Pinellas,2017,,,,,,,17,12,23,21,29,37,38,20,
Florida,Pinellas,2018,,,,,,,12,13,13,23,31,33,18,14,
Florida,Pinellas,2019,,,,,,,,11,15,15,16,19,18,12,
Florida,Pinellas,2020,,,,,,,,11,20,23,16,23,27,13,
Florida,Polk,2017,,,,,,12,14,19,19,15,27,21,20,13,
Florida,Polk,2018,,,,,,11,11,10,17,35,18,27,16,10,
Florida,Polk,2019,,,,,,,,13,15,16,27,26,16,11,
Florida,Polk,2020,,,,,,,15,12,24,15,29,14,23,,
Florida,Sarasota,2017,,,,,,,,,12,,27,24,28,13,
Florida,Sarasota,2018,,,,,,,,,11,13,20,34,40,17,
Florida,Sarasota,2019,,,,,,,,,,12,15,25,23,10,
Florida,Sarasota,2020,,,,,,,,,,16,18,17,17,13,
Florida,Seminole,2018,,,,,,,,,12,12,,,,,
Florida,St. Lucie,2017,,,,,,,,,,,10,13,,,
Florida,St. Lucie,2019,,,,,,,,,,,,12,,,
Florida,Volusia,2017,,,,,,,,10,15,13,22,19,26,,
Florida,Volusia,2018,,,,,,10,,,12,,15,16,16,10,
Florida,Volusia,2019,,,,,,,,,,12,13,13,13,,
Florida,Volusia,2020,,,,,,,,11,11,15,20,17,21,,
Georgia,Chatham,2018,,,,,,,,,,10,,,,,
Georgia,Chatham,2019,,,,,,,,,,,11,,,,
Georgia,Chatham,2020,,,,,,,,10,,,,12,,,
Georgia,Cobb,2017,,,,,,,,,12,10,,12,,,
Georgia,Cobb,2018,,,,,,,,,,11,11,11,,,
Georgia,Cobb,2019,,,,,,,,,,,12,,,,
Georgia,Cobb,2020,,,,,,,,,,,15,15,10,,
Georgia,DeKalb,2018,,,,,,,,,,,,,10,,
Georgia,DeKalb,2019,,,,,,,,,,,,,10,,
Georgia,DeKalb,2020,,,,,,,,,,10,,,,,
Georgia,Fulton,2017,,,,,,,,,,,15,13,14,,
Georgia,Fulton,2018,,,,,,,,,,13,16,12,18,,
Georgia,Fulton,2019,,,,,,,,,,,,14,12,,
Georgia,Fulton,2020,,,,,10,,,13,14,15,,16,,,
Georgia,Gwinnett,2018,,,,,,,,,,,12,15,,,
Georgia,Gwinnett,2019,,,,,,,,,,,,10,,,
Georgia,Henry,2019,,,,,,,,,10,,,,,,
Georgia,Muscogee,2018,,,,,,,,,,,10,,,,
Georgia,Spalding,2018,,,,,,,,,,,12,,,,
Georgia,Spalding,2020,,,,,,,,,,,10,,,,
Hawaii,Hawaii,2017,,,,,,,,,,,,,14,,
Hawaii,Honolulu,2017,,,,,,10,24,19,34,44,50,122,120,74,20
Hawaii,Honolulu,2018,,,,,,,20,32,22,35,52,76,101,89,22
Hawaii,Honolulu,2019,,,,,,,,,17,25,30,58,69,35,10
Hawaii,Honolulu,2020,,,,,,,,,13,13,16,27,45,21,
Idaho,Ada,2017,,,,,,,,,,,,13,,,
Illinois,Cook,2017,,,,12,18,37,51,70,65,86,142,147,155,68,19
Illinois,Cook,2018,,,,16,23,34,63,70,90,105,119,166,163,83,18
Illinois,Cook,2019,,,12,21,18,45,53,72,68,72,126,124,132,51,
Illinois,Cook,2020,,13,14,14,27,41,84,82,104,121,131,137,143,70,15
Illinois,DuPage,2017,,,,,,,,,12,10,17,31,29,,
Illinois,DuPage,2018,,,,,,,10,,11,14,15,26,33,13,
Illinois,DuPage,2019,,,,,,,,,,17,14,16,14,14,
Illinois,DuPage,2020,,,,,,,,,13,19,16,16,15,19,
Illinois,Kane,2017,,,,,,,,,10,,11,17,10,,
Illinois,Kane,2018,,,,,,,,,,,,18,13,,
Illinois,Kane,2019,,,,,,,,,13,,12,15,13,,
Illinois,Kane,2020,,,,,,,,,10,,18,,,,
Illinois,Kankakee,2017,,,,,,,,,,,,10,,,
Illinois,Lake,2017,,,,,,,,,,,11,16,13,,
Illinois,Lake,2018,,,,,,,,,,12,17,25,21,13,
Illinois,Lake,2019,,,,,,,,,,10,,19,11,10,
Illinois,Lake,2020,,,,,,,,,12,13,13,10,19,12,
Illinois,LaSalle,2020,,,,,,,,,,,12,,,,
Illinois,Madison,2017,,,,,,,,,,,10,15,,,
Illinois,Madison,2018,,,,,,,,,,,,14,11,,
Illinois,Madison,2019,,,,,,,,,,,,,13,,
Illinois,Madison,2020,,,,,,,,,10,12,,,,,
Illinois,McHenry,2020,,,,,,,,,,,10,10,,,
Illinois,Peoria,2018,,,,,,,,,,,14,,,,
Illinois,Rock Island,2019,,,,,,,,,,,10,,,,
Illinois,Sangamon,2017,,,,,,,,,,,,,,13,
Illinois,Sangamon,2018,,,,,,,,,,,,14,13,,
Illinois,Sangamon,2019,,,,,,,,,,,,11,,,
Illinois,St. Clair,2017,,,,,,,,,,,,14,,,
Illinois,Tazewell,2017,,,,,,,,,,,11,,,,
Illinois,Will,2017,,,,,,,,,11,10,16,13,13,,
Illinois,Will,2018,,,,,,,,13,,17,11,12,12,10,
Illinois,Will,2019,,,,,,,,,11,,,18,13,,
Illinois,Will,2020,,,,,,,,11,15,14,17,16,,,
Illinois,Winnebago,2018,,,,,,,,,,,,,12,,
Illinois,Winnebago,2020,,,,,,,,,,,10,,,,
Indiana,Allen,2020,,,,,,,,,,,,10,,,
Indiana,Lake,2017,,,,,,,,,,,,10,10,,
Indiana,Lake,2018,,,,,,,,,,,,13,11,,
Indiana,Lake,2019,,,,,,,,,,,10,15,,,
Indiana,Lake,2020,,,,,,,,,11,13,10,11,11,,
Indiana,Marion,2017,,,,,,,,10,,13,18,12,,,
Indiana,Marion,2018,,,,,,12,,10,,,20,17,16,,
Indiana,Marion,2019,,,,,,,11,,11,12,,,12,,
Indiana,Marion,2020,,,,,,,,14,,14,12,14,16,,
Indiana,Vanderburgh,2019,,,,,,,,,,,,10,,,
Iowa,Linn,2018,,,,,,,,,,,,,11,,
Iowa,Polk,2017,,,,,,,,,,,,,13,,
Iowa,Polk,2018,,,,,,,,,,10,,,15,,
Iowa,Polk,2020,,,,,,,,10,,10,,,,,
Kansas,Johnson,2017,,,,,,,,,,,10,15,15,,
Kansas,Johnson,2018,,,,,,,,,,,14,14,18,,
Kansas,Johnson,2019,,,,,,,,,,,,,13,,
Kansas,Johnson,2020,,,,,,,,,,,11,10,14,,
Kansas,Sedgwick,2017,,,,,,,,,,11,,16,13,,
Kansas,Sedgwick,2018,,,,,,,12,,12,13,13,12,20,12,
Kansas,Sedgwick,2019,,,,,,,,,,10,,,15,12,
Kansas,Sedgwick,2020,,,,,,,,10,,,,,,10,
Kansas,Shawnee,2020,,,,,,,,,,,,,11,,
Kentucky,Fayette,2017,,,,,,,,,,,10,11,,,
Kentucky,Jefferson,2017,,,,,,12,,,,19,22,27,18,10,
Kentucky,Jefferson,2018,,,,,,,,10,10,15,22,16,23,,
Kentucky,Jefferson,2019,,,,,,,,13,13,14,17,22,24,,
Kentucky,Jefferson,2020,,,,,,11,,10,18,18,,23,12,,
Louisiana,Caddo Parish,2017,,,,,,,,,,,11,10,,,
Louisiana,Caddo Parish,2019,,,,,,,,,,,,12,,,
Louisiana,East Baton Rouge Parish,2017,,,,,,,,,,,11,10,,,
Louisiana,East Baton Rouge Parish,2018,,,,,,,,,11,,10,,11,,
Louisiana,East Baton Rouge Parish,2019,,,,,,,,,,,,11,,,
Louisiana,Jefferson Parish,2017,,,,,,,,,,,,,13,,
Louisiana,Rapides Parish,2020,,,,,,,,,11,,,,,,
Maine,Cumberland,2017,,,,,,,,,,,11,11,12,,
Maine,Cumberland,2018,,,,,,,,,,,10,,12,,
Maine,Penobscot,2019,,,,,,,,,,,,11,10,,
Maine,York,2017,,,,,,,,,,,,,10,,
Maryland,Anne Arundel,2017,,,,,,,,,10,,10,13,15,,
Maryland,Anne Arundel,2018,,,,,,,,,,11,11,20,15,,
Maryland,Anne Arundel,2019,,,,,,,,,,,15,17,12,,
Maryland,Anne Arundel,2020,,,,,,,,,,,,,13,,
Maryland,Baltimore,2017,,,,,,,,14,12,14,15,36,26,22,
Maryland,Baltimore,2018,,,,,,,,14,16,22,28,27,31,22,
Maryland,Baltimore,2019,,,,,,10,,,11,17,14,21,26,12,
Maryland,Baltimore,2020,,,,,,,,12,20,13,17,31,26,17,
Maryland,Baltimore city,2017,,,,,,,12,10,,11,12,19,17,,
Maryland,Baltimore city,2018,,,,,,10,11,11,,15,13,14,13,,
Maryland,Baltimore city,2019,,,,,,,,11,10,,11,11,,,
Maryland,Baltimore city,2020,,,,,,10,10,11,10,13,17,17,,,
Maryland,Harford,2017,,,,,,,,,,,,,13,,
Maryland,Harford,2019,,,,,,,,,,,12,,,,
Maryland,Montgomery,2017,,,,,,,,11,13,18,17,36,34,22,
Maryland,Montgomery,2018,,,,,,,,,,11,24,29,42,22,
Maryland,Montgomery,2019,,,,,,,,,12,11,,37,16,,
Maryland,Montgomery,2020,,,,,,,,11,13,10,19,19,24,15,
Maryland,Prince George's,2017,,,,,,,,15,13,16,23,21,,,
Maryland,Prince George's,2018,,,,,,,,11,16,,19,21,16,,
Maryland,Prince George's,2019,,,,,,,,,14,10,14,13,,,
Maryland,Prince George's,2020,,,,,,,10,16,17,20,14,17,,,
Maryland,Washington,2017,,,,,,,,,,,,10,,,
Massachusetts,Barnstable,2017,,,,,,,,,,,,11,18,,
Massachusetts,Barnstable,2018,,,,,,,,,,,,12,16,,
Massachusetts,Barnstable,2019,,,,,,,,,,,,11,18,,
Massachusetts,Barnstable,2020,,,,,,,,,,10,,,,,
Massachusetts,Berkshire,2017,,,,,,,,,,,,,11,10,
Massachusetts,Berkshire,2018,,,,,,,,,,,,10,,,
Massachusetts,Bristol,2017,,,,,,,,,15,15,23,33,37,15,
Massachusetts,Bristol,2018,,,,,,,,13,12,18,13,27,33,14,
Massachusetts,Bristol,2019,,,,,,,,13,16,16,15,22,19,13,
Massachusetts,Bristol,2020,,,,,,,,,,18,20,19,27,16,
Massachusetts,Essex,2017,,,,,,,10,,12,,29,35,26,14,
Massachusetts,Essex,2018,,,,,,,,14,13,21,28,35,42,17,
Massachusetts,Essex,2019,,,,,,,,11,17,24,15,22,26,16,
Massachusetts,Essex,2020,,,,,,,,,18,26,15,33,27,18,
Massachusetts,Hampden,2017,,,,,,,,,10,,24,14,26,12,
Massachusetts,Hampden,2018,,,,,,,,,,,19,16,19,10,
Massachusetts,Hampden,2019,,,,,,,,,,,,18,,,
Massachusetts,Hampden,2020,,,,,,,,,,11,17,11,17,11,
Massachusetts,Middlesex,2017,,,,,,,,14,14,29,35,73,48,31,13
Massachusetts,Middlesex,2018,,,,,,,,11,24,28,31,53,42,29,
Massachusetts,Middlesex,2019,,,,,,,13,12,12,15,27,49,52,33,12
Massachusetts,Middlesex,2020,,,,,,,,16,20,24,37,38,40,20,
Massachusetts,Norfolk,2017,,,,,,,,,10,12,19,24,36,12,
Massachusetts,Norfolk,2018,,,,,,,,,12,16,19,37,38,23,
Massachusetts,Norfolk,2019,,,,,,,,11,,10,12,23,20,12,
Massachusetts,Norfolk,2020,,,,,,,,12,,13,25,34,27,14,
Massachusetts,Plymouth,2017,,,,,,,,,,17,25,28,23,17,
Massachusetts,Plymouth,2018,,,,,,,,,14,14,20,20,20,,
Massachusetts,Plymouth,2019,,,,,,,,,16,13,16,15,15,,
Massachusetts,Plymouth,2020,,,,,,,,,14,19,23,23,23,16,
Massachusetts,Suffolk,2017,,,,,,,,,,,11,20,25,12,
Massachusetts,Suffolk,2018,,,,,,,,,,,16,16,20,,
Massachusetts,Suffolk,2019,,,,,,,,,,10,10,21,,,
Massachusetts,Suffolk,2020,,,,,,,,,,21,18,14,18,10,
Massachusetts,Worcester,2017,,,,,,,,,18,15,28,32,36,16,
Massachusetts,Worcester,2018,,,,,,,,17,18,31,28,32,45,16,
Massachusetts,Worcester,2019,,,,,,,,12,,16,24,29,28,19,
Massachusetts,Worcester,2020,,,,,,,12,10,17,15,24,22,26,10,
Michigan,Genesee,2017,,,,,,,,,11,,10,,,,
Michigan,Genesee,2018,,,,,,,,,,,,13,,,
Michigan,Genesee,2019,,,,,,,,,,,,11,,,
Michigan,Genesee,2020,,,,,,,12,,15,10,13,12,,,
Michigan,Ingham,2017,,,,,,,,,10,,,,,,
Michigan,Kalamazoo,2017,,,,,,,,,,,,,13,,
Michigan,Kalamazoo,2018,,,,,,,,,,,12,10,10,,
Michigan,Kent,2017,,,,,,,,,,,,14,14,12,
Michigan,Kent,2018,,,,,,,,,,,10,12,19,,
Michigan,Kent,2019,,,,,,,,,11,,,11,12,,
Michigan,Macomb,2017,,,,,,,,14,16,20,20,27,30,14,
Michigan,Macomb,2018,,,,,,10,,14,19,30,21,29,24,,
Michigan,Macomb,2019,,,,,,,12,10,16,22,19,34,17,12,
Michigan,Macomb,2020,,,,,,11,17,23,20,18,21,26,24,,
Michigan,Oakland,2017,,,,,,11,12,21,12,21,25,36,37,22,
Michigan,Oakland,2018,,,,,,10,,13,33,19,30,35,48,14,
Michigan,Oakland,2019,,,,,,,10,12,11,19,25,45,32,16,
Michigan,Oakland,2020,,,,,,,11,24,27,22,32,28,22,14,
Michigan,Ottawa,2017,,,,,,,,,,,,,14,,
Michigan,Ottawa,2018,,,,,,,,,,,,12,,,
Michigan,Saginaw,2017,,,,,,,,,,,10,,12,,
Michigan,Saginaw,2019,,,,,,,,,,,,,12,,
Michigan,Saginaw,2020,,,,,,,,,,,,,12,,
Michigan,Washtenaw,2019,,,,,,,,,,,,10,,,
Michigan,Wayne,2017,,,,,13,16,20,23,30,46,38,54,61,26,
Michigan,Wayne,2018,,,10,,16,15,29,29,52,43,50,65,40,35,
Michigan,Wayne,2019,,,,,11,20,43,42,36,32,46,47,41,13,
Michigan,Wayne,2020,,,12,16,19,30,47,74,60,59,73,62,46,28,
Minnesota,Hennepin,2017,,,,,,,,,,11,11,27,32,15,
Minnesota,Hennepin,2018,,,,,,,11,,11,13,12,20,31,14,
Minnesota,Hennepin,2019,,,,,,,,10,12,,10,14,18,,
Minnesota,Hennepin,2020,,,,,,,,,,,12,16,12,10,
Minnesota,Ramsey,2017,,,,,,,,,,,,12,16,,
Minnesota,Ramsey,2018,,,,,,,,,,,,11,10,,
Minnesota,Ramsey,2019,,,,,,,10,,,,,,,,
Minnesota,Ramsey,2020,,,,,,,,,,,12,15,15,,
Mississippi,DeSoto,2018,,,,,,,,,14,10,,12,,,
Mississippi,Harrison,2017,,,,,,,,,13,10,12,,,,
Mississippi,Harrison,2018,,,,,,,,,11,,,11,,,
Mississippi,Harrison,2019,,,,,,,,,,12,,12,,,
Mississippi,Harrison,2020,,,,,,,,10,11,,17,,14,,
Mississippi,Jones,2018,,,,,,,,,,,11,,,,
Missouri,Clay,2017,,,,,,,,,,,,,12,,
Missouri,Clay,2018,,,,,,,,,,,,12,13,,
Missouri,Clay,2020,,,,,,,,,,10,,,,,
Missouri,Greene,2017,,,,,,,,,,10,13,,10,,
Missouri,Greene,2018,,,,,,,,,,10,13,18,10,,
Missouri,Greene,2020,,,,,,,,10,,,,,11,,
Missouri,Jackson,2017,,,,,,,,,,11,21,20,18,,
Missouri,Jackson,2018,,,,,,,,,13,10,19,20,15,11,
Missouri,Jackson,2019,,,,,,,,,13,16,,12,13,,
Missouri,Jackson,2020,,,,,,,,,11,13,,17,10,,
Missouri,Jefferson,2017,,,,,,,,,,13,,,,,
Missouri,Jefferson,2018,,,,,,,,,,,,13,,,
Missouri,St. Charles,2017,,,,,,,,,,,13,14,11,,
Missouri,St. Charles,2018,,,,,,,,,,12,10,14,14,10,
Missouri,St. Charles,2019,,,,,,,,,,,,,15,,
Missouri,St. Charles,2020,,,,,,,,,13,,10,,18,,
Missouri,St. Louis,2017,,,,,,,,12,17,19,28,47,43,23,
Missouri,St. Louis,2018,,,,,,,,12,12,25,25,53,52,16,
Missouri,St. Louis,2019,,,,,,,,10,,19,23,27,31,13,
Missouri,St. Louis,2020,,,,,,,14,,16,29,26,40,35,14,
Missouri,St. Louis city,2017,,,,,,,,,,,,10,,,
Missouri,St. Louis city,2018,,,,,,,,,,,,,11,,
Nebraska,Douglas,2017,,,,,,,,,,,,16,13,,
Nebraska,Douglas,2018,,,,,,,,,,,13,12,11,,
Nebraska,Douglas,2019,,,,,,,,,13,,,16,,,
Nebraska,Douglas,2020,,,,,,,,11,,,,,,,
Nebraska,Lancaster,2017,,,,,,,,,,,,12,,,
Nebraska,Lancaster,2018,,,,,,,,,,,,,10,,
Nevada,Clark,2017,,,,,24,26,43,44,73,47,55,52,43,11,
Nevada,Clark,2018,,,,,18,20,33,36,45,46,48,51,26,,
Nevada,Clark,2019,,,,,13,18,21,25,51,42,46,38,24,,
Nevada,Clark,2020,,,,,22,16,25,45,49,43,57,38,19,,
Nevada,Washoe,2017,,,,,,,,11,12,,13,,13,,
Nevada,Washoe,2018,,,,,,,,,,18,,15,14,,
Nevada,Washoe,2019,,,,,,,,,,,10,,,,
Nevada,Washoe,2020,,,,,,,,,,13,,,,,
New Hampshire,Cheshire,2018,,,,,,,,,,,,,11,,
New Hampshire,Hillsborough,2017,,,,,,,,,,,14,12,16,,
New Hampshire,Hillsborough,2018,,,,,,,,,,,15,16,16,12,
New Hampshire,Hillsborough,2019,,,,,,,,,,,,14,,,
New Hampshire,Hillsborough,2020,,,,,,,,,,,12,10,10,,
New Hampshire,Rockingham,2017,,,,,,,,,,,13,12,,,
New Hampshire,Rockingham,2018,,,,,,,,,,,,,11,,
New Hampshire,Rockingham,2020,,,,,,,,,,,,11,,,
New Jersey,Atlantic,2018,,,,,,,,,,,13,,,,
New Jersey,Bergen,2017,,,,,,,,,,,34,34,29,24,
New Jersey,Bergen,2018,,,,,,,,,,20,14,36,47,13,
New Jersey,Bergen,2019,,,,,,,,,,12,14,27,29,20,
New Jersey,Bergen,2020,,,,,,,,,14,17,22,28,29,17,
New Jersey,Burlington,2017,,,,,,,,,,,12,11,11,,
New Jersey,Burlington,2019,,,,,,,,,,,,13,12,,
New Jersey,Burlington,2020,,,,,,,,,,,14,12,,,
New Jersey,Camden,2017,,,,,,,,,,,14,12,12,,
New Jersey,Camden,2018,,,,,,,,11,,11,,16,19,,
New Jersey,Camden,2019,,,,,,,,,,16,,,,,
New Jersey,Camden,2020,,,,,,,11,,,14,13,15,15,,
New Jersey,Cumberland,2018,,,,,,,,,,,10,,,,
New Jersey,Cumberland,2019,,,,,,,,,,,,,13,,
New Jersey,Cumberland,2020,,,,,,,,,,,11,,,,
New Jersey,Essex,2017,,,,,,,,,,,21,17,20,,
New Jersey,Essex,2018,,,,,,10,,,,12,25,17,13,,
New Jersey,Essex,2019,,,,,,,,,,,16,29,16,,
New Jersey,Essex,2020,,,,,,,,,19,18,17,26,20,14,
New Jersey,Gloucester,2017,,,,,,,,,,11,,,,,
New Jersey,Gloucester,2018,,,,,,,,,,,,,13,,
New Jersey,Gloucester,2020,,,,,,,,,,12,12,,13,,
New Jersey,Hudson,2017,,,,,,,,,,,13,14,16,,
New Jersey,Hudson,2018,,,,,,,,,,11,,18,18,,
New Jersey,Hudson,2019,,,,,,,,10,,,14,13,11,,
New Jersey,Hudson,2020,,,,,,,,,,12,24,18,16,,
New Jersey,Mercer,2018,,,,,,,,,,,,13,10,,
New Jersey,Mercer,2019,,,,,,,,,,,12,,,,
New Jersey,Mercer,2020,,,,,,,,,,,,,12,,
New Jersey,Middlesex,2017,,,,,,,,,,10,16,29,22,15,
New Jersey,Middlesex,2018,,,,,,,,,14,,24,28,31,14,
New Jersey,Middlesex,2019,,,,,,,,,,14,14,18,27,13,
New Jersey,Middlesex,2020,,,,,,,,13,14,13,25,21,20,12,
New Jersey,Monmouth,2017,,,,,,,,,,,10,18,22,12,
New Jersey,Monmouth,2018,,,,,,,,,,,10,20,27,,
New Jersey,Monmouth,2019,,,,,,,,,,,10,14,16,13,
New Jersey,Monmouth,2020,,,,,,,,,,18,14,20,18,,
New Jersey,Morris,2017,,,,,,,,,,13,,,18,,
New Jersey,Morris,2018,,,,,,,,,,,,14,21,,
New Jersey,Morris,2019,,,,,,,,,,10,,14,16,,
New Jersey,Morris,2020,,,,,,,,,,,13,11,17,11,
New Jersey,Ocean,2017,,,,,,,,,11,10,11,19,24,,
New Jersey,Ocean,2018,,,,,,,,,,13,11,21,19,,
New Jersey,Ocean,2019,,,,,,,,,,13,14,19,14,12,
New Jersey,Ocean,2020,,,,,,,,,15,17,16,20,20,,
New Jersey,Passaic,2017,,,,,,,,,,,12,,12,,
New Jersey,Passaic,2018,,,,,,,,,,11,,10,11,,
New Jersey,Passaic,2019,,,,,,,,,,,,,11,,
New Jersey,Passaic,2020,,,,,,,10,10,,18,13,15,10,,
New Jersey,Somerset,2017,,,,,,,,,,,,15,12,10,
New Jersey,Somerset,2018,,,,,,,,,,,10,13,13,,
New Jersey,Somerset,2019,,,,,,,,,,,,,12,,
New Jersey,Somerset,2020,,,,,,,,,,,,14,13,,
New Jersey,Union,2017,,,,,,,,,,,,,14,,
New Jersey,Union,2018,,,,,,,,,,12,10,22,19,,
New Jersey,Union,2019,,,,,,,,,,,10,11,,,
New Jersey,Union,2020,,,,,,,,12,13,,16,14,17,,
New Mexico,Bernalillo,2017,,,,,,,,,,12,,14,14,,
New Mexico,Bernalillo,2018,,,,,,,,,11,15,13,20,13,,
New Mexico,Bernalillo,2019,,,,,,11,,,,,13,11,,,
New Mexico,Bernalillo,2020,,,,,12,,10,,15,12,13,,11,,
New York,Albany,2017,,,,,,,,,12,,,16,14,,
New York,Albany,2018,,,,,,,,,,,12,17,14,,
New York,Albany,2019,,,,,,,,,,14,11,11,13,,
New York,Bronx,2017,,,,,19,18,24,31,41,53,71,53,55,28,
New York,Bronx,2018,,,,12,18,19,35,42,47,52,50,50,46,20,
New York,Bronx,2019,,,,,15,28,30,36,32,45,54,38,41,23,
New York,Bronx,2020,,,,,18,22,43,50,58,68,67,73,35,17,
New York,Broome,2017,,,,,,,,,,,,11,11,10,
New York,Broome,2018,,,,,,,,,,,,,18,,
New York,Broome,2020,,,,,,,,,,,,13,,,
New York,Dutchess,2017,,,,,,,,,,,,13,16,,
New York,Dutchess,2018,,,,,,,,10,,,,12,12,,
New York,Dutchess,2019,,,,,,,,,,,,14,11,,
New York,Dutchess,2020,,,,,,,,,10,,11,12,,,
New York,Erie,2017,,,,,,12,12,18,13,25,38,43,29,19,
New York,Erie,2018,,,,,,,11,19,17,30,35,45,38,12,
New York,Erie,2019,,,,,,,12,10,20,30,41,50,43,20,
New York,Erie,2020,,,,,,,17,16,26,26,25,32,30,,
New York,Kings,2017,,,,,16,19,30,56,66,75,85,115,114,55,18
New York,Kings,2018,,,,,,15,27,56,51,67,93,122,119,70,
New York,Kings,2019,,,11,,12,15,22,41,49,42,72,93,88,44,
New York,Kings,2020,,,,15,19,33,47,50,77,75,103,107,104,46,13
New York,Monroe,2017,,,,,,,,14,,12,19,34,39,18,
New York,Monroe,2018,,,,,,,10,12,13,19,28,35,23,17,
New York,Monroe,2019,,,,,,,10,16,19,22,21,33,34,28,
New York,Monroe,2020,,,,,,,,,12,15,24,36,21,13,
New York,Nassau,2017,,,,,,,,13,17,27,40,48,51,26,10
New York,Nassau,2018,,,,,,,13,12,19,22,40,61,71,32,
New York,Nassau,2019,,,,,,,,10,13,23,35,44,50,27,
New York,Nassau,2020,,,,,,11,10,18,22,25,42,45,61,34,
New York,New York,2017,,,,,,,,11,18,42,31,52,49,28,
New York,New York,2018,,,,,,,11,15,28,33,44,63,48,34,
New York,New York,2019,,,,,,18,15,,19,31,28,42,37,31,12
New York,New York,2020,,,,,12,20,14,10,26,31,45,53,49,22,
New York,Niagara,2018,,,,,,,,,,,,11,,,
New York,Oneida,2017,,,,,,,,,,,,12,17,,
New York,Oneida,2018,,,,,,,,,,,,10,14,,
New York,Oneida,2019,,,,,,,,,11,,,17,,,
New York,Oneida,2020,,,,,,,,,,,,11,11,10,
New York,Onondaga,2017,,,,,,,,,10,,14,17,17,11,
New York,Onondaga,2018,,,,,,,,,,11,13,30,24,20,
New York,Onondaga,2019,,,,,,,,10,,11,15,27,29,11,
New York,Onondaga,2020,,,,,,,,,,,13,14,16,12,
New York,Orange,2017,,,,,,,,,,12,12,,11,,
New York,Orange,2018,,,,,,,,,,,12,,15,,
New York,Orange,2019,,,,,,,,,,11,,10,16,,
New York,Orange,2020,,,,,,,,,,10,15,14,,,
New York,Queens,2017,,,,,,,24,32,31,59,78,108,100,42,11
New York,Queens,2018,,,,,15,11,22,29,52,71,78,91,96,42,
New York,Queens,2019,,,,,,16,20,32,36,64,64,84,76,30,
New York,Queens,2020,,,,,10,21,34,37,64,80,76,115,93,53,
New York,Rensselaer,2020,,,,,,,,,,,,10,,,
New York,Richmond,2017,,,,,,,,,14,14,17,26,16,,
New York,Richmond,2018,,,,,,,,,10,,,25,19,,
New York,Richmond,2019,,,,,,,,,,10,,10,10,,
New York,Richmond,2020,,,,,,,,,10,,15,11,,,
New York,Rockland,2017,,,,,,,,,,,,17,15,10,
New York,Rockland,2018,,,,,,,,,,,18,17,15,,
New York,Rockland,2019,,,,,,,,,,14,12,21,18,,
New York,Rockland,2020,,,,,,,10,10,17,20,14,12,17,,
New York,Saratoga,2017,,,,,,,,,,,,14,,,
New York,Saratoga,2018,,,,,,,,,,,,10,,,
New York,Saratoga,2019,,,,,,,,,,,15,,,,
New York,Schenectady,2018,,,,,,,,,,,,,13,,
New York,Schenectady,2019,,,,,,,,,,,11,15,10,,
New York,Schenectady,2020,,,,,,,,,10,,,,13,,
New York,Suffolk,2017,,,,,,13,20,13,21,35,45,69,62,32,
New York,Suffolk,2018,,,,,,11,13,25,39,24,53,65,64,34,
New York,Suffolk,2019,,,,,12,13,22,14,27,31,48,63,56,34,
New York,Suffolk,2020,,,,,,15,26,30,36,44,51,51,65,22,
New York,Ulster,2017,,,,,,,,,,,,,10,,
New York,Ulster,2018,,,,,,,,,,,,,11,,
New York,Westchester,2017,,,,,,,,,20,20,27,49,44,23,
New York,Westchester,2018,,,,,,,,14,22,28,28,42,57,22,14
New York,Westchester,2019,,,,,,,14,12,15,20,17,28,37,21,
New York,Westchester,2020,,,,,,,12,12,24,26,33,37,44,26,10
North Carolina,Buncombe,2017,,,,,,,,,,,,19,11,,
North Carolina,Buncombe,2019,,,,,,,,,,,11,,,,
North Carolina,Buncombe,2020,,,,,,,,,,,,10,10,,
North Carolina,Cabarrus,2017,,,,,,,,,10,,,,,,
North Carolina,Catawba,2018,,,,,,,,,,,,,11,,
North Carolina,Cumberland,2017,,,,,,,,,,,,13,,,
North Carolina,Cumberland,2020,,,,,,,,,,10,,,,,
North Carolina,Forsyth,2017,,,,,,,,,,,14,11,11,,
North Carolina,Forsyth,2018,,,,,,,,,,,11,10,11,,
North Carolina,Forsyth,2019,,,,,,,,,,10,,11,13,,
North Carolina,Forsyth,2020,,,,,,,,,,,,12,11,,
North Carolina,Gaston,2017,,,,,,,,,,,11,10,,,
North Carolina,Gaston,2018,,,,,,,,,12,,14,11,,,
North Carolina,Gaston,2020,,,,,,,,10,,,,12,,,
North Carolina,Guilford,2017,,,,,,,,,13,12,21,18,22,,
North Carolina,Guilford,2018,,,,,,,,,10,13,20,21,24,,
North Carolina,Guilford,2019,,,,,,,10,,,10,15,24,20,,
North Carolina,Guilford,2020,,,,,,,,,,10,12,11,16,,
North Carolina,Haywood,2017,,,,,,,,,,,,15,,,
North Carolina,Henderson,2017,,,,,,,,,,,,12,,,
North Carolina,Mecklenburg,2017,,,,,,,,,,,18,24,17,17,
North Carolina,Mecklenburg,2018,,,,,,,,14,,11,20,21,14,11,
North Carolina,Mecklenburg,2019,,,,,,,,,,13,,14,12,,
North Carolina,Mecklenburg,2020,,,,,,,10,10,,10,14,13,,,
North Carolina,New Hanover,2019,,,,,,,,,,,,11,11,,
North Carolina,Rowan,2018,,,,,,,,,,,,10,,,
North Carolina,Rowan,2019,,,,,,,,,,,,12,10,,
North Carolina,Wake,2017,,,,,,,,13,,10,12,25,21,,
North Carolina,Wake,2018,,,,,,,,10,,,,14,15,11,
North Carolina,Wake,2019,,,,,,,,,11,10,12,12,,,
North Carolina,Wake,2020,,,,,,,,,,,,11,11,,
Ohio,Allen,2017,,,,,,,,,,,,,10,,
Ohio,Butler,2017,,,,,,,,,,,,17,,,
Ohio,Butler,2018,,,,,,,,,,14,,17,11,,
Ohio,Butler,2020,,,,,,,,,,,12,14,10,,
Ohio,Clark,2017,,,,,,,,,,,10,,,,
Ohio,Clermont,2018,,,,,,,,,,,,,10,,
Ohio,Clermont,2019,,,,,,,,,,,11,,,,
Ohio,Clermont,2020,,,,,,,,,11,,,,,,
Ohio,Cuyahoga,2017,,,,,,12,,13,18,18,23,40,43,22,
Ohio,Cuyahoga,2018,,,,,,,17,21,17,20,17,45,36,27,
Ohio,Cuyahoga,2019,,,,,,14,12,,16,11,23,31,34,13,
Ohio,Cuyahoga,2020,,,,,,10,18,11,20,15,34,31,27,13,
Ohio,Franklin,2017,,,,,,10,10,16,29,18,27,37,25,10,
Ohio,Franklin,2018,,,,11,10,15,13,18,20,21,29,28,36,11,
Ohio,Franklin,2019,,,,,11,12,15,27,14,23,19,27,20,10,
Ohio,Franklin,2020,,,,,,14,16,22,28,15,21,26,10,,
Ohio,Hamilton,2017,,,,,,,,20,,11,20,26,32,,
Ohio,Hamilton,2018,,,,,,,,10,15,10,12,35,31,15,
Ohio,Hamilton,2019,,,,,,,10,,16,11,22,19,14,11,
Ohio,Hamilton,2020,,,,,,,,16,,25,26,21,10,,
Ohio,Lake,2018,,,,,,,,,,,13,,15,,
Ohio,Lake,2019,,,,,,,,,,12,,,,,
Ohio,Licking,2018,,,,,,,,,,,10,,,,
Ohio,Licking,2019,,,,,,,,,,,10,,,,
Ohio,Lorain,2017,,,,,,,,,,,,,17,,
Ohio,Lorain,2018,,,,,,,,,,,,12,,,
Ohio,Lorain,2019,,,,,,,,,,,,,13,,
Ohio,Lucas,2017,,,,,,,,,,,10,14,,,
Ohio,Lucas,2018,,,,,,,,10,,,,17,12,,
Ohio,Lucas,2020,,,,,,,,,10,12,,,,,
Ohio,Mahoning,2017,,,,,,,,,,,,14,,,
Ohio,Mahoning,2018,,,,,,,,,,,,,10,,
Ohio,Mahoning,2020,,,,,,,,,,,,,10,,
Ohio,Montgomery,2017,,,,,,,,,10,11,,14,,13,
Ohio,Montgomery,2018,,,,,,,,,,,,13,10,,
Ohio,Montgomery,2019,,,,,,,,,12,,12,,,,
Ohio,Montgomery,2020,,,,,,,,11,10,14,11,23,12,,
Ohio,Stark,2017,,,,,,,,,,,10,16,10,,
Ohio,Stark,2018,,,,,,,,,,,10,12,17,,
Ohio,Stark,2019,,,,,,,,,,,,,14,10,
Ohio,Stark,2020,,,,,,,,,17,,,13,,,
Ohio,Summit,2017,,,,,,,14,,,16,,11,11,12,
Ohio,Summit,2018,,,,,,,,,,,14,21,17,,
Ohio,Summit,2019,,,,,,,,,,,15,19,19,,
Ohio,Summit,2020,,,,,,,,,,,11,14,12,,
Ohio,Trumbull,2017,,,,,,,,,,,10,,17,,
Ohio,Trumbull,2018,,,,,,,,,,,12,11,12,,
Oklahoma,Oklahoma,2017,,,,,,,,,14,,14,13,17,,
Oklahoma,Oklahoma,2018,,,,,,,,17,11,19,15,16,,,
Oklahoma,Oklahoma,2019,,,,,,,,13,,13,,,12,,
Oklahoma,Oklahoma,2020,,,,,,,10,,13,,21,17,,,
Oklahoma,Tulsa,2017,,,,,,,,12,,18,,23,10,,
Oklahoma,Tulsa,2018,,,,,,,11,,,15,14,18,16,,
Oklahoma,Tulsa,2019,,,,,,,10,,18,14,13,13,21,,
Oklahoma,Tulsa,2020,,,,,,,12,12,12,12,10,13,,,
Oregon,Clackamas,2018,,,,,,,,,,,12,,,,
Oregon,Jackson,2018,,,,,,,,,,,,14,,,
Oregon,Lane,2017,,,,,,,,,,,,,11,,
Oregon,Lane,2018,,,,,,,,,,,10,10,11,,
Oregon,Lane,2019,,,,,,,,,,,,10,,,
Oregon,Marion,2017,,,,,,,,,,,,11,,,
Oregon,Multnomah,2017,,,,,,,,,,,,18,19,,
Oregon,Multnomah,2018,,,,,,,,,11,,11,,,,
Oregon,Multnomah,2019,,,,,,,,,10,,11,14,13,,
Oregon,Multnomah,2020,,,,,,,,,12,11,,,,,
Pennsylvania,Allegheny,2017,,,,,,16,,18,17,23,38,67,56,25,
Pennsylvania,Allegheny,2018,,,,,,14,18,20,30,26,30,69,55,27,
Pennsylvania,Allegheny,2019,,,,,,,19,21,18,29,35,37,58,27,
Pennsylvania,Allegheny,2020,,,,,,13,11,19,32,33,34,36,28,20,
Pennsylvania,Beaver,2017,,,,,,,,,,,,11,10,,
Pennsylvania,Beaver,2018,,,,,,,,,,,11,11,,,
Pennsylvania,Berks,2017,,,,,,,,,,,13,21,16,,
Pennsylvania,Berks,2018,,,,,,,,,,12,,15,20,14,
Pennsylvania,Berks,2019,,,,,,,,,,11,,11,22,11,
Pennsylvania,Berks,2020,,,,,,,,,,,,15,12,,
Pennsylvania,Blair,2017,,,,,,,,,,,,,11,,
Pennsylvania,Bucks,2017,,,,,,,,,11,19,21,32,24,,
Pennsylvania,Bucks,2018,,,,,,,,,,16,17,27,30,10,
Pennsylvania,Bucks,2019,,,,,,,,,,15,20,25,24,10,
Pennsylvania,Bucks,2020,,,,,,,,13,10,15,13,25,19,,
Pennsylvania,Butler,2017,,,,,,,,,,,,10,,,
Pennsylvania,Butler,2018,,,,,,,,,,10,,,,,
Pennsylvania,Butler,2019,,,,,,,,,,,,10,10,,
Pennsylvania,Butler,2020,,,,,,,,,,,10,10,,,
Pennsylvania,Cambria,2018,,,,,,,,,,,,14,10,,
Pennsylvania,Cambria,2019,,,,,,,,,,,10,,,,
Pennsylvania,Centre,2017,,,,,,,,,,,,,12,,
Pennsylvania,Chester,2017,,,,,,,,,,,16,13,13,,
Pennsylvania,Chester,2018,,,,,,,,,10,10,,12,24,,
Pennsylvania,Chester,2019,,,,,,,,,,11,,18,,,
Pennsylvania,Chester,2020,,,,,,,,,,10,11,13,12,,
Pennsylvania,Cumberland,2017,,,,,,,,,,,12,,18,,
Pennsylvania,Cumberland,2018,,,,,,,,,,10,,16,14,,
Pennsylvania,Cumberland,2019,,,,,,,,,,,12,,15,,
Pennsylvania,Dauphin,2017,,,,,,,,,,,,14,,,
Pennsylvania,Dauphin,2018,,,,,,,,,,,,,12,10,
Pennsylvania,Dauphin,2019,,,,,,,,,,,,,10,,
Pennsylvania,Delaware,2017,,,,,,,,,,11,12,26,22,12,
Pennsylvania,Delaware,2018,,,,,,,,,,19,10,18,24,13,
Pennsylvania,Delaware,2019,,,,,,,,10,14,13,11,18,23,,
Pennsylvania,Delaware,2020,,,,,,,10,10,,13,17,16,,12,
Pennsylvania,Erie,2017,,,,,,,,,,,,16,17,,
Pennsylvania,Erie,2018,,,,,,,,,11,,10,10,14,,
Pennsylvania,Erie,2019,,,,,,,,,,,10,,,,
Pennsylvania,Erie,2020,,,,,,,,,,,12,,13,,
Pennsylvania,Franklin,2017,,,,,,,,,,,,13,10,,
Pennsylvania,Lackawanna,2017,,,,,,,,,,,,15,,,
Pennsylvania,Lancaster,2017,,,,,,,,,,,16,26,23,,
Pennsylvania,Lancaster,2018,,,,,,,,,,,16,18,15,12,
Pennsylvania,Lancaster,2019,,,,,,,,,,,10,12,14,12,
Pennsylvania,Lancaster,2020,,,,,,,,,,,,,11,,
Pennsylvania,Lehigh,2017,,,,,,,,,,,,,13,,
Pennsylvania,Lehigh,2018,,,,,,,,,,,11,12,11,10,
Pennsylvania,Lehigh,2019,,,,,,,,,,,,,12,,
Pennsylvania,Lehigh,2020,,,,,,,,,,,,13,,,
Pennsylvania,Luzerne,2017,,,,,,,,,,,10,,18,,
Pennsylvania,Luzerne,2018,,,,,,,,,,15,,15,,,
Pennsylvania,Luzerne,2019,,,,,,,,,,,,,11,,
Pennsylvania,Luzerne,2020,,,,,,,,,,,11,,,,
Pennsylvania,Montgomery,2017,,,,,,,,12,11,13,24,50,32,26,
Pennsylvania,Montgomery,2018,,,,,,,,,18,10,26,28,31,14,
Pennsylvania,Montgomery,2019,,,,,,,,,,17,15,33,34,13,
Pennsylvania,Montgomery,2020,,,,,,,,,12,22,21,24,27,21,
Pennsylvania,Northampton,2017,,,,,,,,,,,,12,,,
Pennsylvania,Northampton,2018,,,,,,,,,,,,13,,,
Pennsylvania,Northampton,2019,,,,,,,,,,10,,,13,,
Pennsylvania,Northumberland,2017,,,,,,,,,,,,10,,,
Pennsylvania,Philadelphia,2017,,,,,,11,20,13,18,16,24,36,26,10,
Pennsylvania,Philadelphia,2018,,,,11,11,15,16,25,21,21,29,27,41,17,
Pennsylvania,Philadelphia,2019,,,,,,14,13,13,18,27,37,19,24,10,
Pennsylvania,Philadelphia,2020,,,,,,20,24,21,27,32,25,29,32,12,
Pennsylvania,Washington,2017,,,,,,,,,,,,12,,,
Pennsylvania,Washington,2018,,,,,,,,,,,,,10,,
Pennsylvania,Westmoreland,2017,,,,,,,,,,,13,24,24,13,
Pennsylvania,Westmoreland,2018,,,,,,,,,14,13,17,20,21,14,
Pennsylvania,Westmoreland,2019,,,,,,,,,14,11,14,20,23,11,
Pennsylvania,Westmoreland,2020,,,,,,,,,,11,14,16,18,10,
Pennsylvania,York,2017,,,,,,,,,,11,17,22,21,10,
Pennsylvania,York,2018,,,,,,,,,10,12,11,23,22,,
Pennsylvania,York,2019,,,,,,,,,,13,16,19,18,11,
Pennsylvania,York,2020,,,,,,,,,,12,17,,13,,
Rhode Island,Kent,2017,,,,,,,,,,,,11,,,
Rhode Island,Kent,2019,,,,,,,,,,,,13,,,
Rhode Island,Providence,2017,,,,,,,,,,10,,27,25,,
Rhode Island,Providence,2018,,,,,,,,,,15,17,16,21,13,
Rhode Island,Providence,2019,,,,,,,,,12,,12,18,13,,
Rhode Island,Providence,2020,,,,,,,,,,,11,12,17,,
South Carolina,Anderson,2018,,,,,,,,,,,10,,,,
South Carolina,Beaufort,2018,,,,,,,,,,10,,,,,
South Carolina,Charleston,2020,,,,,,,,,10,,,,,,
South Carolina,Cherokee,2017,,,,,,,,,,12,17,14,15,,
South Carolina,Cherokee,2018,,,,,,,,,,12,13,14,,,
South Carolina,Cherokee,2019,,,,,,,,,,,,11,15,,
South Carolina,Cherokee,2020,,,,,,,,,,11,,14,10,,
South Carolina,Greenville,2018,,,,,,,,,,,10,,,,
South Carolina,Greenville,2019,,,,,,,,,,11,,,,,
South Carolina,Horry,2017,,,,,,,,,,11,,,,,
South Carolina,Horry,2020,,,,,,,,,,,12,,,,
South Carolina,Richland,2020,,,,,,,,,,10,,,,,
South Carolina,Spartanburg,2017,,,,,,,,,,,,13,,,
South Carolina,Spartanburg,2019,,,,,,,,,,,,14,,,
Tennessee,Blount,2017,,,,,,,,,,,,10,11,,
Tennessee,Davidson,2017,,,,,,,,,,,10,13,18,,
Tennessee,Davidson,2018,,,,,,,,,,,16,18,14,,
Tennessee,Davidson,2019,,,,,,,,,,,15,12,10,,
Tennessee,Davidson,2020,,,,,,,,,15,11,13,16,,,
Tennessee,Hamilton,2018,,,,,,,,,,,,11,,,
Tennessee,Hamilton,2020,,,,,,,,,,13,11,,,,
Tennessee,Knox,2017,,,,,,,,,13,22,10,18,19,,
Tennessee,Knox,2018,,,,,,,,11,12,22,12,22,15,,
Tennessee,Knox,2019,,,,,,,,,,13,,17,,,
Tennessee,Knox,2020,,,,,,,,,10,,13,,12,,
Tennessee,Rutherford,2020,,,,,,,,,,,,10,,,
Tennessee,Shelby,2017,,,,,,,13,23,18,19,17,31,16,,
Tennessee,Shelby,2018,,,,,,,,21,19,17,21,23,26,,
Tennessee,Shelby,2019,,,,,,16,11,14,18,19,15,28,23,14,
Tennessee,Shelby,2020,,,,,,11,15,23,29,24,32,30,24,10,
Tennessee,Sullivan,2017,,,,,,,,11,,,,,,,
Tennessee,Sullivan,2019,,,,,,,,,,10,,,,,
Tennessee,Sullivan,2020,,,,,,,,,11,,,,,,
Tennessee,Washington,2018,,,,,,,,,,,11,,,,
Texas,Bexar,2017,,,,,12,11,21,10,17,17,16,18,28,,
Texas,Bexar,2018,,,,,10,17,15,21,16,24,20,24,13,,
Texas,Bexar,2019,,,,,10,14,18,18,18,17,10,19,20,,
Texas,Bexar,2020,,,,,,11,24,15,19,23,17,20,16,,
Texas,Cameron,2020,,,,,,,,,,,,10,,,
Texas,Collin,2017,,,,,,,,,,,12,13,11,,
Texas,Collin,2018,,,,,,,,,,,13,17,18,,
Texas,Collin,2019,,,,,,,,,,11,17,17,10,,
Texas,Collin,2020,,,,,,,,,,16,11,11,,,
Texas,Dallas,2017,,,,,10,20,21,18,27,20,37,32,30,14,
Texas,Dallas,2018,,,,12,11,22,22,29,38,31,54,50,41,22,
Texas,Dallas,2019,,,,,,12,18,23,23,27,26,40,20,19,
Texas,Dallas,2020,,,,,16,22,28,23,31,35,42,33,22,13,
Texas,Denton,2017,,,,,,,,,,,,,10,,
Texas,Denton,2018,,,,,,,,,,12,,10,,,
Texas,Denton,2019,,,,,,,,,,,10,,,,
Texas,Denton,2020,,,,,,,,,,10,,10,,,
Texas,El Paso,2018,,,,,,,,,,12,14,12,,,
Texas,El Paso,2019,,,,,,,,,,,12,12,17,,
Texas,El Paso,2020,,,,,,,,,11,,,12,,,
Texas,Fort Bend,2017,,,,,,,,,11,,,,,,
Texas,Fort Bend,2018,,,,,,,,,15,11,,18,,,
Texas,Fort Bend,2019,,,,,,,,,,15,13,11,,,
Texas,Fort Bend,2020,,,,,,,,12,12,19,11,,,,
Texas,Galveston,2019,,,,,,,,,,10,,,,,
Texas,Harris,2017,,,,15,22,18,31,38,50,46,68,52,51,19,
Texas,Harris,2018,,,,16,15,27,33,39,51,53,64,65,51,30,
Texas,Harris,2019,,,,16,23,25,42,43,43,56,48,61,38,30,
Texas,Harris,2020,,,,,18,33,36,50,61,57,57,43,34,18,
Texas,Hidalgo,2017,,,,,,,10,,,,,13,,,
Texas,Hidalgo,2018,,,,,,,,,,13,11,15,12,,
Texas,Hidalgo,2019,,,,,,,,,11,11,12,,,,
Texas,Hidalgo,2020,,,,,,,,19,,11,13,12,,,
Texas,Johnson,2018,,,,,,,,,12,,,,,,
Texas,Midland,2018,,,,,,,,,,,,10,,,
Texas,Montgomery,2018,,,,,,,,10,,10,,,,,
Texas,Montgomery,2019,,,,,,,,,,,10,10,,,
Texas,Montgomery,2020,,,,,,,,,10,11,,11,,,
Texas,Nueces,2017,,,,,,,,,,,,10,,,
Texas,Nueces,2019,,,,,,,,,,12,,,,,
Texas,Tarrant,2017,,,,,,12,14,20,19,19,38,20,26,11,
Texas,Tarrant,2018,,,,,10,,10,23,29,20,37,37,29,18,
Texas,Tarrant,2019,,,,,,14,,19,30,19,28,24,24,13,
Texas,Tarrant,2020,,,,,13,10,25,22,25,33,33,36,16,,
Texas,Travis,2017,,,,,,,,,,,,15,,,
Texas,Travis,2018,,,,,,,,,14,,17,10,10,,
Texas,Travis,2019,,,,,,,,,,,,15,14,,
Texas,Travis,2020,,,,,,,12,,,11,10,14,,,
Texas,Williamson,2018,,,,,,,,,,,,16,10,,
Texas,Williamson,2020,,,,,,,,,,10,,11,,,
Utah,Salt Lake,2017,,,,,,,,10,,,11,11,17,,
Utah,Salt Lake,2018,,,,,,,,,,13,18,16,15,,
Utah,Salt Lake,2019,,,,,,,,,10,,,15,,,
Utah,Salt Lake,2020,,,,,,,,,10,13,,11,,,
Utah,Utah,2020,,,,,,,,,,,,10,,,
Utah,Weber,2018,,,,,,,,,,,,10,,,
Virginia,Arlington,2017,,,,,,,,,,,,,,10,
Virginia,Fairfax,2017,,,,,,,,,,16,19,22,21,16,
Virginia,Fairfax,2018,,,,,,,12,,,,17,15,18,10,
Virginia,Fairfax,2019,,,,,,,,,11,10,11,11,18,14,
Virginia,Fairfax,2020,,,,,,,,,,12,11,10,11,12,
Virginia,Henrico,2017,,,,,,,,,,,,10,12,,
Virginia,Henrico,2018,,,,,,,,,,,,,15,,
Virginia,Henrico,2020,,,,,,,,,,,,12,,,
Virginia,Loudoun,2020,,,,,,,,,,,,,10,,
Virginia,Prince William,2018,,,,,,,,,,,,10,,,
Virginia,Prince William,2019,,,,,,,,,,,,10,10,,
Washington,Clark,2017,,,,,,,,,,,,,14,,
Washington,King,2017,,,,,,,12,16,10,28,29,53,52,26,13
Washington,King,2018,,,,,,,13,21,,17,22,25,42,29,
Washington,King,2019,,,,,,,,13,16,10,27,26,27,24,
Washington,King,2020,,,,,,,17,11,20,16,23,29,28,17,
Washington,Kitsap,2017,,,,,,,,,,,,,10,,
Washington,Pierce,2017,,,,,,,13,10,11,12,13,19,14,,
Washington,Pierce,2018,,,,,,,,11,11,13,17,12,19,,
Washington,Pierce,2019,,,,,,15,,,11,13,,21,11,,
Washington,Pierce,2020,,,,,,,,,14,,17,16,,,
Washington,Snohomish,2017,,,,,,,,14,,15,18,23,13,11,
Washington,Snohomish,2018,,,,,,,,,,14,10,13,11,,
Washington,Snohomish,2019,,,,,,10,,,,10,,,,,
Washington,Snohomish,2020,,,,,,,,,10,,,10,,,
Washington,Spokane,2017,,,,,,,,,,,12,12,14,,
Washington,Spokane,2018,,,,,,,10,,13,,11,14,23,,
Washington,Spokane,2019,,,,,,,,,,,10,15,14,,
Washington,Spokane,2020,,,,,,,10,11,,10,,,,,
Washington,Whatcom,2017,,,,,,,,,,,,10,,,
West Virginia,Kanawha,2017,,,,,,,,,,10,,11,,,
West Virginia,Kanawha,2018,,,,,,,,10,,,,,,,
West Virginia,Kanawha,2020,,,,,,,,,,10,,,,,
West Virginia,Wood,2018,,,,,,,,,,11,,,,,
Wisconsin,Brown,2020,,,,,,,,,,,,,10,,
Wisconsin,Dane,2017,,,,,,,,,,,,14,11,,
Wisconsin,Dane,2018,,,,,,,,,,,,,14,,
Wisconsin,Milwaukee,2017,,,,,,,,,,19,,27,20,,
Wisconsin,Milwaukee,2018,,,,,,,,15,13,12,18,34,31,,
Wisconsin,Milwaukee,2019,,,,,,,,13,,11,,14,10,11,
Wisconsin,Milwaukee,2020,,,,,,12,,,10,,17,16,18,,
Wisconsin,Outagamie,2018,,,,,,,,,,,,12,,,
Wisconsin,Racine,2017,,,,,,,,,,,,14,,,
Wisconsin,Washington,2018,,,,,,,,,,,,,11,,
Wisconsin,Waukesha,2017,,,,,,,,,,11,,28,17,,
Wisconsin,Waukesha,2018,,,,,,,,,,,19,15,17,10,
Wisconsin,Waukesha,2019,,,,,,,,,,,10,,,,
Wisconsin,Waukesha,2020,,,,,,,,,,,,10,14,,